Workbook

Sheet Nifty
B1: Nifty-50 | C1: 25542.05 | D1: Max Lot | E1: 27 | F1: Avail. Marg. | G1: 28255.04 | H1: Positives & Negatives (Real) | J1: Nifty : Mohit Sharma | Today : 19-01-2026 / Monday | 01:22:14 PM
B2: Qty/Lot | C2: 65 | D2: CE | E2: PE | F2: Used. Marg. | G2: 0 | J2: Live Trade From Excel | M2: Buy
B3: Lot | C3: 3 | D3: 6 Lot | E3: 6 Lot | F3: UpStox PNL | G3: 0 | H3: Trade Accuracy | I3: None % | J3: READ…READ…READ !!!!! | M3: CE | N3: PE | O3: CE-PE
B4: Expiry | C4: 46042 | D4: 26773 Rs | E4: 28196 Rs | F4: Log - Profit | H4: Profit Trades | J4: RSI > 55 | L4: Observe C/O of all 3 & Candle Volume | M4: 4572.75 | N4: 4553.25 | O4: 9174.75
B5: CE - LTP | C5: Strike | D5: PE - LTP | E5: CE-PE : 3 Lot | F5: Log - Brokerage | H5: Loss Trades | J5: EMA 9 > EMA 21 | M5: =M4*$C$3 -> 13718.25 | N5: =N4*$C$3 -> 13659.75 | O5: =O4*$C$3 -> 27524.25
B6: 68.65 | C6: 25550 | D6: 72.3 | E6: 27485 Rs | F6: Log - Net Profit | H6: Total Trades | J6: LTP ABOVE VWAP | M6: -49 | N6: -49 | O6: -98
B7: Synthetic ATM Strike : 25550 | E7: 195 Qty | F7: V - Profit | H7: Timer (Seconds) | I7: 50 | J7: AFTER SPIKE, ENTRY AT CANDLE LOW AT EMA LEVELS : PATIENCE | M7: Sell
B8: Position Closed Successfully | F8: V - Brokerage | H8: Trade CE | I8: 0 | M8: CE | N8: PE | O8: CE-PE
B9: 0 | C9: bbo | D9: 0 | E9: 1 DTE (Tue) | F9: V - Net Profit | H9: Trade PE | I9: 0 | J9: OBSERVE IMPORTANT LEVELS | M9: 198779.62 | N9: 179042.69 | O9: 232072.1
B10: Buy Break-Out | C10: BBO | D10: Target (+ve) | E10: Stop Loss (-ve) | F10: Points | H10: Reset Target | I10: 1 | J10: ALWAYS TRADE IN TREND | M10: =M9*$C$3 -> 596338.86 | N10: =N9*$C$3 -> 537128.08 | O10: =O9*$C$3 -> 696216.3
B11: Buy Limit Order | C11: BLO | D11: 1 | E11: 0 | F11: Positives & Negatives (Virt) | J11: AVOID DOWNTREND & SIDEWAYS | M11: Refresh Data : Press r
B13: Index | C13: Strike | D13: Type | E13: Lot | F13: Buy Qty | G13: Entry Price | H13: Exit Price | I13: LTP | J13: Points | K13: Profit | L13: Brokerage | M13: Net Profit | N13: Gain | O13: Margin
A14: 0 | B14: Nifty | C14: 25800 | D14: CE | E14: 3 | F14: 195 | G14: 110.35 | H14: 111.31 | I14: 111.45 | J14: 0.96 | K14: 187.2 | L14: -63 | M14: 124.2 | N14: 0.0058 | O14: 21518.25
B16: Index | C16: Strike | D16: Type | E16: Lot | F16: Buy Qty | G16: Entry Price | H16: Exit Price | I16: LTP | J16: Points | K16: Profit | L16: Brokerage | M16: Net Profit
A17: 0 | B17: Nifty | C17: 25800 | D17: CE | E17: 27 | F17: 1755 | G17: 110.35 | H17: 111.31 | I17: 111.45 | J17: 0.96 | K17: 1684.8 | L17: -386 | M17: 1298.8

Sheet Bank-Nifty
B1: Bank Nifty | C1: 59204.55 | D1: Max Lot | E1: 17 | F1: =Nifty!F1 -> Avail. Marg. | G1: =Nifty!G1 -> 28255.04 | H1: =Nifty!H1 -> Positives & Negatives (Real) | I1: =Nifty!I1 -> 0 | J1: Bank-Nifty : Mohit Sharma | Today : 24-12-2025 / Wednesday | 02:22:26 PM
B2: Qty/Lot | C2: 30 | D2: CE | E2: PE | F2: =Nifty!F2 -> Used. Marg. | G2: =Nifty!G2 -> 0 | H2: =Nifty!H2 -> 0 | I2: =Nifty!I2 -> 0 | J2: Trade From Excel | M2: Buy
B3: Lot | C3: 17 | D3: 0 Lot | E3: 0 Lot | F3: =Nifty!F3 -> UpStox PNL | G3: =Nifty!G3 -> 0 | H3: =Nifty!H3 -> Trade Accuracy | I3: =Nifty!I3 -> None % | J3: READ…READ…READ !!!!! | M3: CE | N3: PE | O3: CE-PE
B4: Expiry | C4: 46021 | D4: 0 Rs | E4: 0 Rs | F4: =Nifty!F4 -> Log - Profit | G4: =Nifty!G4 -> 0 | H4: =Nifty!H4 -> Profit Trades | I4: =Nifty!I4 -> 0 | J4: RSI > 55 | L4: Observe C/O of all 3 & Candle Volume | M4: 12332.25 | N4: 8704.5 | O4: 21036.75
B5: CE - LTP | C5: Strike | D5: PE - LTP | E5: CE-PE : 0 Lot | F5: =Nifty!F5 -> Log - Brokerage | G5: =Nifty!G5 -> 0 | H5: =Nifty!H5 -> Loss Trades | I5: =Nifty!I5 -> 0 | J5: EMA 9 > EMA 21 | M5: =M4*$C$3 -> 209648.25 | N5: =N4*$C$3 -> 147976.5 | O5: =O4*$C$3 -> 357624.75
B6: 269.4 | C6: 59900 | D6: 188.55 | E6: 0 Rs | F6: =Nifty!F6 -> Log - Net Profit | G6: =Nifty!G6 -> 0 | H6: =Nifty!H6 -> Total Trades | I6: =Nifty!I6 -> 0 | J6: LTP ABOVE VWAP | M6: -414 | N6: -298 | O6: -712
B7: Synthetic ATM Strike : 59300 | E7: 595 Qty | F7: =Nifty!F7 -> V - Profit | G7: =Nifty!G7 -> 0 | H7: =Nifty!H7 -> Timer (Seconds) | I7: 22 | J7: AFTER SPIKE ENTRY AT CANDLE LOW AT EMA LEVELS : PATIENCE | M7: Sell
B8: Failed : CE-PE Lot Size Exceeded than Max Allowed | F8: =Nifty!F8 -> V - Brokerage | G8: =Nifty!G8 -> 0 | H8: =Nifty!H8 -> Trade CE | I8: 0 | M8: CE | N8: PE | O8: CE-PE
B9: 0 | C9: bbo | D9: 0 | E9: 6 DTE (Tue) | F9: =Nifty!F9 -> V - Net Profit | G9: =Nifty!G9 -> 0 | H9: =Nifty!H9 -> Trade PE | I9: 0 | J9: OBSERVE IMPORTANT LEVELS | M9: 250005.46 | N9: 251335.39 | O9: 290596.15
B10: Buy Break-Out | C10: BBO | D10: Target (+ve) | E10: Stop Loss (-ve) | F10: =Nifty!F10 -> Points | G10: =Nifty!G10 -> 0 | H10: Reset Target | I10: 0 | J10: ALWAYS TRADE IN TREND | M10: =M9*$C$3 -> 4250092.7 | N10: =N9*$C$3 -> 4272701.5 | O10: =O9*$C$3 -> 4940134.5
B11: Buy Limit Order | C11: BLO | D11: 0 | E11: 0 | F11: =Nifty!F11 -> Positives & Negatives (Virt) | G11: =Nifty!G11 -> 0 | H11: =Nifty!H11 -> 0 | I11: =Nifty!I11 -> 0 | J11: AVOID DOWNTREND & SIDEWAYS | M11: Refresh Data : Press r

Sheet Sensex
B1: Sensex | C1: 85321.18 | D1: Max Lot | E1: 50 | F1: =Nifty!F1 -> Avail. Marg. | G1: =Nifty!G1 -> 28255.04 | H1: =Nifty!H1 -> Positives & Negatives (Real) | I1: =Nifty!I1 -> 0 | J1: Sensex : Mohit Sharma | Today : 06-01-2026 / Tuesday | 10:16:22 AM
B2: Qty/Lot | C2: 20 | D2: CE | E2: PE | F2: =Nifty!F2 -> Used. Marg. | G2: =Nifty!G2 -> 0 | H2: =Nifty!H2 -> 0 | I2: =Nifty!I2 -> 0 | J2: Trade From Excel | M2: Buy
B3: Lot | C3: 1 | D3: 1 Lot | E3: 2 Lot | F3: =Nifty!F3 -> UpStox PNL | G3: =Nifty!G3 -> 0 | H3: =Nifty!H3 -> Trade Accuracy | I3: =Nifty!I3 -> None % | J3: READ…READ…READ !!!!! | M3: CE | N3: PE | O3: CE-PE
B4: Expiry | C4: 46030 | D4: 6197 Rs | E4: 8458 Rs | F4: =Nifty!F4 -> Log - Profit | G4: =Nifty!G4 -> 0 | H4: =Nifty!H4 -> Profit Trades | I4: =Nifty!I4 -> 0 | J4: RSI > 55 | L4: Observe C/O of all 3 & Candle Volume | M4: 6716 | N4: 4965 | O4: 11681
B5: CE - LTP | C5: Strike | D5: PE - LTP | E5: CE-PE : 1 Lot | F5: =Nifty!F5 -> Log - Brokerage | G5: =Nifty!G5 -> 0 | H5: =Nifty!H5 -> Loss Trades | I5: =Nifty!I5 -> 0 | J5: EMA 9 > EMA 21 | M5: =M4*$C$3 -> 6716 | N5: =N4*$C$3 -> 4965 | O5: =O4*$C$3 -> 11681
B6: 309.85 | C6: 83100 | D6: 211.45 | E6: 10426 Rs | F6: =Nifty!F6 -> Log - Net Profit | G6: =Nifty!G6 -> 0 | H6: =Nifty!H6 -> Total Trades | I6: =Nifty!I6 -> 0 | J6: LTP ABOVE VWAP | M6: -36 | N6: -32 | O6: -68
B7: Synthetic ATM Strike : 85400 | E7: 20 Qty | F7: =Nifty!F7 -> V - Profit | G7: =Nifty!G7 -> 0 | H7: =Nifty!H7 -> Timer (Seconds) | I7: 13 | J7: AFTER SPIKE ENTRY AT CANDLE LOW AT EMA LEVELS : PATIENCE | M7: Sell
B8: Position Closed Successfully | F8: =Nifty!F8 -> V - Brokerage | G8: =Nifty!G8 -> 0 | H8: =Nifty!H8 -> Trade CE | I8: 0 | M8: CE | N8: PE | O8: CE-PE
B9: 0 | C9: bbo | D9: 0 | E9: 2 DTE (Thu) | F9: =Nifty!F9 -> V - Net Profit | G9: =Nifty!G9 -> 0 | H9: =Nifty!H9 -> Trade PE | I9: 0 | J9: OBSERVE IMPORTANT LEVELS | M9: 202084.41 | N9: 180244.79 | O9: 236033.14
B10: Buy Break-Out | C10: BBO | D10: Target (+ve) | E10: Stop Loss (-ve) | F10: =Nifty!F10 -> Points | G10: =Nifty!G10 -> 0 | H10: Reset Target | I10: 0 | J10: ALWAYS TRADE IN TREND | M10: =M9*$C$3 -> 202084.41 | N10: =N9*$C$3 -> 180244.79 | O10: =O9*$C$3 -> 236033.14
B11: Buy Limit Order | C11: BLO | D11: 0 | E11: 0 | F11: =Nifty!F11 -> Positives & Negatives (Virt) | G11: =Nifty!G11 -> 0 | H11: =Nifty!H11 -> 0 | I11: =Nifty!I11 -> 0 | J11: AVOID DOWNTREND & SIDEWAYS | M11: Refresh Data : Press r
B13: Index | C13: Strike | D13: Type | E13: Lot | F13: Buy Qty | G13: Entry Price | H13: Exit Price | I13: LTP | J13: Points | K13: Profit | L13: Brokerage | M13: Net Profit | N13: Gain | O13: Margin
A14: 0 | B14: Sensex | C14: 84700 | D14: CE | E14: 1 | F14: 20 | G14: 316.5 | H14: 313.25 | I14: 311.8 | J14: -3.25 | K14: -65 | L14: -35 | M14: -100 | N14: -0.0158 | O14: 6330
B16: Index | C16: Strike | D16: Type | E16: Lot | F16: Buy Qty | G16: Entry Price | H16: Exit Price | I16: LTP | J16: Points | K16: Profit | L16: Brokerage | M16: Net Profit
A17: 0 | B17: Sensex | C17: 84700 | D17: CE | E17: 50 | F17: 1000 | G17: 316.5 | H17: 313.25 | I17: 311.8 | J17: -3.25 | K17: -3250 | L17: -607 | M17: -3857
